Domain,User,Subdomain
brandon.sites.carleton.edu,brandons,midterm.brandon.sites.carleton.edu
owendetmer.sites.carleton.edu,owendetm,midterm.owendetmer.sites.carleton.edu
owendetmer.sites.carleton.edu,owendetm,midterm1.owendetmer.sites.carleton.edu
jz.sites.carleton.edu,jzsitesc,midterm.jz.carleton.edu
jz.sites.carleton.edu,jzsitesc,midterm.jz.sites.carleton.edu
briggs.sites.carleton.edu,briggssi,midterm.briggs.sites.carleton.edu
albarassim.sites.carleton.edu,albarass,midterm.albarassim.sites.carleton.edu
smithp4.sites.carleton.edu,smithpsi,midterm.smithp4.sites.carleton.edu
wertm.sites.carleton.edu,wertmsit,midterm.wertm.sites.carleton.edu
allene2.sites.carleton.edu,allenesi,midterm.allene2.sites.carleton.edu
kimz.sites.carleton.edu,kimzsite,midterm.kimz.sites.carleton.edu
lugod2.sites.carleton.edu,lugodsit,midterm.lugod2.sites.carleton.edu
tashapaez.sites.carleton.edu,tashapae,midterm.natasha.org
tashapaez.sites.carleton.edu,tashapae,midterm.tashapaez.sites.carleton.edu
tashapaez.sites.carleton.edu,tashapae,mymidterm.com
thomasr2.sites.carleton.edu,thomasrs,midterm.thomasr2.sites.carleton.edu
dimondc2.sites.carleton.edu,dimondcs,midterm.dimondc2.sites.carleton.edu
haochen.sites.carleton.edu,haochens,midterm.haochen.sites.carleton.edu
aratd.sites.carleton.edu,aratdsit,midterm.aratd.sites.carleton.edu
choir.sites.carleton.edu,choirsit,midterm.choir.sites.carleton.edu
storrsr.sites.carleton.edu,storrsrs,midterm.storrsr.sites.carleton.edu
woodmancyl.sites.carleton.edu,woodmanc,midterm.woodmancyl.sites.carleton.edu
murillog.sites.carleton.edu,murillog,midterm.murillog.sites.carleton.edu
mohra.sites.carleton.edu,mohrasit,midterm.mohra.sites.carleton.edu
bernharde.sites.carleton.edu,bernhard,midterm.bernharde.sites.carleton.edu
beckerk.sites.carleton.edu,beckerks,midterm.beckerk.sites.carleton.edu
thompsons.sites.carleton.edu,thompson,midterm.thompsons.sites.carleton.edu
lorenzmeyerb.sites.carleton.edu,lorenzme,midterm.lorenzmeyerb.sites.carleton.edu
yangs8.sites.carleton.edu,yangssit,midterm.yangs8.sites.carleton.edu
readej.sites.carleton.edu,readejsi,midterm.readej.sites.carleton.edu
dimondt.sites.carleton.edu,dimondts,midterm.dimondt.sites.carleton.edu
caryswansona.sites.carleton.edu,caryswan,midterm.caryswansona.sites.carleton.edu
may.sites.carleton.edu,maysites,midterm.may.sites.carleton.edu
har.sites.carleton.edu,harsites,midterm.har.sites.carleton.edu
tuckerd.sites.carleton.edu,tuckerds,midterm.tuckerd.sites.carleton.edu
xiee.sites.carleton.edu,xieesite,midterm.xiee.sites.carleton.edu
rodrigueze.sites.carleton.edu,rodrigue,midterm.rodrigueze.sites.carleton.edu
resnikm.sites.carleton.edu,resnikms,midterm.resnikm.sites.carleton.edu
aidenjohnson.sites.carleton.edu,aidenjoh,midterm.aidenjohnson.sites.carleton.edu
aidenjohnson.sites.carleton.edu,aidenjoh,wcma.timeline.com
volkamerr.sites.carleton.edu,volkamer,midterm.volkamerr.sites.carleton.edu
schwarzg.sites.carleton.edu,schwarzg,midterm.schwarzg.sites.carleton.edu
gabrielcohen.sites.carleton.edu,gabrielc,midterm.gabrielcohen.sites.carleton.edu
kleiny.sites.carleton.edu,kleinysi,midterm.kleiny.sites.carleton.edu
rockjonesi.sites.carleton.edu,rockjone,midterm.rockjonesi.sites.carleton.edu
smithm8.sites.carleton.edu,smithmsi,midterm.smithm8.sites.carleton.edu
hopeyu.sites.carleton.edu,hopeyusi,midterm.hopeyu.sites.carleton.edu
richy.sites.carleton.edu,richysit,midterm.richy.sites.carleton.edu
mallareddys.sites.carleton.edu,mallared,midterm.mallareddys.sites.carleton.edu
dylanstiffler.sites.carleton.edu,dylansti,midterm.dylanstiffler.sites.carleton.edu
cameronhoffmann.sites.carleton.edu,cameronh,midterm.cameronhoffmann.sites.carleton.edu
shenr2.sites.carleton.edu,shenrsit,midterm.shenr2.sites.carleton.edu
godinezk.sites.carleton.edu,godinezk,midterm.godinezk.sites.carleton.edu
wiczynskik.sites.carleton.edu,wiczynsk,midterm.wiczynskik.sites.carleton.edu
yangl4.sites.carleton.edu,yanglsit,midterm.yangl4.sites.carleton.edu
drakem2.sites.carleton.edu,drakemsi,midterm.drakem2.sites.carleton.edu
guana.sites.carleton.edu,guanasit,midterm.guana.sites.carleton.edu
cams.sites.carleton.edu,camssite,chile-argentina.cams.sites.carleton.edu
xuf.sites.carleton.edu,xufsites,midterm.xuf.sites.carleton.edu
thayain.sites.carleton.edu,thayains,midterm.thayain.sites.carleton.edu
caoh.sites.carleton.edu,caohsite,midterm.caoh.sites.carleton.edu
jiangh.sites.carleton.edu,jianghsi,midterm.jiangh.sites.carleton.edu
gautamaj.sites.carleton.edu,gautamaj,midterm.gautamaj.sites.carleton.edu
qiana.sites.carleton.edu,qianasit,midterm.qiana.sites.carleton.edu
wakabayashin.sites.carleton.edu,wakabaya,midterm.wakabayashin.sites.carleton.edu
penalemesc.sites.carleton.edu,penaleme,midterm.penalemesc.sites.carleton.edu
hurtubisej.sites.carleton.edu,hurtubis,final.hurtubisej.sites.carleton.edu
hurtubisej.sites.carleton.edu,hurtubis,midterm.hurtubisej.sites.carleton.edu
montess.sites.carleton.edu,montesss,midterm.montess.sites.carleton.edu
xunz.sites.carleton.edu,xunzsite,midterm.xunz.sites.carleton.edu
nelsonj4.sites.carleton.edu,nelsonjs,midterm.nelsonj4.sites.carleton.edu
pieperm.sites.carleton.edu,pieperms,midterm.pieperm.sites.carleton.edu
gudinaf.sites.carleton.edu,gudinafs,midterm.gudinaf.sites.carleton.edu
luc2.sites.carleton.edu,lucsites,midterm.luc2.sites.carleton.edu
evansd3.sites.carleton.edu,evansdsi,midterm.evansd3.sites.carleton.edu
muchs.sites.carleton.edu,muchssit,midterm.muchs.sites.carleton.edu
qianp2.sites.carleton.edu,qianpsit,midterm.qianp2.sites.carleton.edu
shearerj.sites.carleton.edu,shearerj,midterm.shearerj.sites.carleton.edu
zhengs.sites.carleton.edu,zhengssi,midterm.zhengs.sites.carleton.edu
olsons2.sites.carleton.edu,olsonssi,midterm.olsons2.sites.carleton.edu
nobles.sites.carleton.edu,noblessi,midterm.nobles.sites.carleton.edu
wenj.sites.carleton.edu,wenjsite,allergiesdevelopmentalpychfinal.wenj.sites.carleton.edu
wenj.sites.carleton.edu,wenjsite,midterm.wenj.sites.carleton.edu
dohaa.sites.carleton.edu,dohaasit,midterm.dohaa.sites.carleton.edu
olsonl2.sites.carleton.edu,olsonlsi,midterm.olsonl2.sites.carleton.edu
aguast.sites.carleton.edu,aguastsi,midterm.aguast.sites.carleton.edu
schubertr.sites.carleton.edu,schubert,midterm.schubertr.sites.carleton.edu
wcislol.sites.carleton.edu,wcislols,midterm.wcislol.sites.carleton.edu
farleye.sites.carleton.edu,farleyes,midterm.farleye.sites.carleton.edu
luevanoj.sites.carleton.edu,luevanoj,midterm.luevanoj.sites.carleton.edu
wcisloa.sites.carleton.edu,wcisloas,midterm.wcisloa.sites.carleton.edu
archaeology.sites.carleton.edu,archaeol,peru.archaeology.sites.carleton.edu
kozakw.sites.carleton.edu,kozakwsi,midterm.kozakw.sites.carleton.edu
templates.sites.carleton.edu,template,eportfolio.templates.sites.carleton.edu
templates.sites.carleton.edu,template,omeka-classic.templates.sites.carleton.edu
templates.sites.carleton.edu,template,omeka-s.templates.sites.carleton.edu
templates.sites.carleton.edu,template,scalar.templates.sites.carleton.edu
templates.sites.carleton.edu,template,studioart.templates.sites.carleton.edu
templates.sites.carleton.edu,template,wp-multi.templates.sites.carleton.edu
templates.sites.carleton.edu,template,wp.templates.sites.carleton.edu
brooksg.sites.carleton.edu,brooksgs,midterm.brooksg.sites.carleton.edu
bartelsj.sites.carleton.edu,bartelsj,midterm.bartelsj.sites.carleton.edu
janetduong.sites.carleton.edu,janetduo,midterm.janetduong.sites.carleton.edu
tranm3.sites.carleton.edu,tranmsit,midterm.tranm3.sites.carleton.edu
chowdhuryt.sites.carleton.edu,chowdhur,midterm.chowdhuryt.sites.carleton.edu
maharjans.sites.carleton.edu,maharjan,midterm.maharjans.sites.carleton.edu
maharjans.sites.carleton.edu,maharjan,psych.final.maharjans.sites.carleton.edu
duv.sites.carleton.edu,duvsites,midterm.duv.sites.carleton.edu
brattonm.sites.carleton.edu,brattonm,midterm.brattonm.sites.carleton.edu
ismails.sites.carleton.edu,ismailss,midterm.ismails.sites.carleton.edu
przybylan.sites.carleton.edu,przybyla,midterm.przybylan.sites.carleton.edu
omosunj.sites.carleton.edu,omosunjs,midterm.omosunj.sites.carleton.edu
abdulf.sites.carleton.edu,abdulfsi,midterm.abdulf.sites.carleton.edu
youngk2.sites.carleton.edu,youngksi,midterm.youngk2.sites.carleton.edu
tanakas.sites.carleton.edu,tanakass,midterm.tanakas.sites.carleton.edu

shawnz.sites.carleton.edu,shawnzsi,midterm.shawnz.sites.carleton.edu
heynesk.sites.carleton.edu,heynesks,midterm.heynesk.sites.carleton.edu
aroraj.sites.carleton.edu,arorajsi,midterm.aroraj.sites.carleton.edu
tananbauma.sites.carleton.edu,tananbau,alexmidterm.tananbauma.sites.carleton.edu
tananbauma.sites.carleton.edu,tananbau,midterm.tananbauma.sites.carleton.edu
varmaa.sites.carleton.edu,varmaasi,midterm.varmaa.sites.carleton.edu
langee.sites.carleton.edu,langeesi,midterm.langee.sites.carleton.edu
boylee2.sites.carleton.edu,boyleesi,midterm.boylee2.sites.carleton.edu
cuttera.sites.carleton.edu,cutteras,midterm.cuttera.sites.carleton.edu
parrm.sites.carleton.edu,parrmsit,midterm.parrm.sites.carleton.edu
organizations.sites.carleton.edu,organiza,aaup.organizations.sites.carleton.edu
organizations.sites.carleton.edu,organiza,publicspeaking.organizations.sites.carleton.edu
math.sites.carleton.edu,mathsite,ggt.math.sites.carleton.edu
Not Found,studioar,brettolson.studioart.sites.carleton.edu
Not Found,studioar,castroc.studioart.sites.carleton.edu
Not Found,studioar,classworks.studioart.sites.carleton.edu
Not Found,studioar,conoreckert.studioart.sites.carleton.edu
Not Found,studioar,demo.studioart.sites.carleton.edu
Not Found,studioar,elainetian.studioart.sites.carleton.edu
Not Found,studioar,ellieweston.studioart.sites.carleton.edu
Not Found,studioar,emilyoross.studioart.sites.carleton.edu
Not Found,studioar,ethanclinecole.studioart.sites.carleton.edu
Not Found,studioar,galleries.studioart.sites.carleton.edu
Not Found,studioar,gracehanson.studioart.sites.carleton.edu
Not Found,studioar,hannahbarnstone.studioart.sites.carleton.edu
Not Found,studioar,hsarlwin.studioart.sites.carleton.edu
Not Found,studioar,hsarsarlwin.studioart.sites.carleton.edu
Not Found,studioar,junechen.studioart.sites.carleton.edu
Not Found,studioar,justineszafran.studioart.sites.carleton.edu
Not Found,studioar,katiewilliams.studioart.sites.carleton.edu
Not Found,studioar,kconnole.studioart.sites.carleton.edu
Not Found,studioar,kyosukeimai.studioart.sites.carleton.edu
Not Found,studioar,lauramccarron.studioart.sites.carleton.edu
jdecker.sites.carleton.edu,jdeckers,proofs.jdecker.sites.carleton.edu
jeannyzhang.sites.carleton.edu,jeannyzh,midterm.jeannyzhang.sites.carleton.edu
petertu.sites.carleton.edu,petertus,comps.petertu.sites.carleton.edu
petertu.sites.carleton.edu,petertus,midterm.petertu.sites.carleton.edu
tiltonm.sites.carleton.edu,tiltonms,midterm.tiltonm.sites.carleton.edu
sunn2.sites.carleton.edu,sunnsite,midterm.sunn2.sites.carleton.edu
shiny.sites.carleton.edu,shinysit,midterm.shiny.sites.carleton.edu
ramazania.sites.carleton.edu,ramazani,midterm.ramazania.sites.carleton.edu
pattisona.sites.carleton.edu,pattison,hhmidterm.pattisona.sites.carleton.edu
mohamedh2.sites.carleton.edu,mohamedh,midterm.mohamedh2.sites.carleton.edu
jamesmarlin.sites.carleton.edu,jamesmar,ctl.jamesmarlin.sites.carleton.edu
leeg3.sites.carleton.edu,leegsite,midterm.leeg3.sites.carleton.edu
koellingh.sites.carleton.edu,koelling,midterm.koellingh.sites.carleton.edu
kims3.sites.carleton.edu,kimssite,midterm.kims3.sites.carleton.edu
kampa.sites.carleton.edu,kampasit,uncannyxmenlocations.kampa.sites.carleton.edu
hannak.sites.carleton.edu,hannaksi,midterm.hannak.sites.carleton.edu
gonzaleza.sites.carleton.edu,gonzalez,archivinproject.gonzaleza.sites.carleton.edu
gonzaleza.sites.carleton.edu,gonzalez,midterm.gonzaleza.sites.carleton.edu
floresc2.sites.carleton.edu,florescs,midterm.floresc2.sites.carleton.edu
cichowskil.sites.carleton.edu,cichowsk,midterm.cichowskil.sites.carleton.edu
chenk4.sites.carleton.edu,chenksit,midterm.chenk4.sites.carleton.edu
brinkj.sites.carleton.edu,brinkjsi,midterm.brinkj.sites.carleton.edu
basavareddir.sites.carleton.edu,basavare,midterm.basavareddir.sites.carleton.edu
memawad.sites.carleton.edu,memawads,hist272.memawad.sites.carleton.edu
memawad.sites.carleton.edu,memawads,midterm.memawad.sites.carleton.edu
zhangx3.sites.carleton.edu,zhangxsi,midterm.zhangx3.sites.carleton.edu
makerspace.sites.carleton.edu,makerspa,make-it.cc
makerspace.sites.carleton.edu,makerspa,makerspace.cc
makerspace.sites.carleton.edu,makerspa,sds.makerspace.cc
makerspace.sites.carleton.edu,makerspa,wiki.make-it.cc
makerspace.sites.carleton.edu,makerspa,wiki.makerspace.cc
geology.sites.carleton.edu,geologys,bereket-haileab.geology.sites.carleton.edu
geology.sites.carleton.edu,geologys,mineralogy.geology.sites.carleton.edu
geology.sites.carleton.edu,geologys,openwaters.geology.sites.carleton.edu
maziplain.org,maziplai,archaeologyinthearb.com
maziplain.org,maziplai,placeholder.maziplain.org
maziplain.org,maziplai,smallcycladicislandsproject.org
arcn.sites.carleton.edu,arcnsite,222.arcn.sites.carleton.edu
smohring.sites.carleton.edu,smohring,archive.smohring.sites.carleton.edu
smohring.sites.carleton.edu,smohring,galleries.smohring.sites.carleton.edu
smohring.sites.carleton.edu,smohring,templates.smohring.sites.carleton.edu
soan.sites.carleton.edu,soansite,soan314.soan.sites.carleton.edu
kitamuraa.sites.carleton.edu,kitamura,anmidterm.kitamuraa.sites.carleton.edu
kitamuraa.sites.carleton.edu,kitamura,midterm.kitamuraa.sites.carleton.edu
minoe.sites.carleton.edu,minoesit,demo.minoe.sites.carleton.edu
minoe.sites.carleton.edu,minoesit,midterm.minoe.sites.carleton.edu
rasmussenm.sites.carleton.edu,rasmusse,midterm.rasmussenm.sites.carleton.edu
lie2.sites.carleton.edu,liesites,dgah110midterm.lie2.sites.carleton.edu
luoj2.sites.carleton.edu,luojsite,midterm.luoj2.sites.carleton.edu
chingl.sites.carleton.edu,chinglsi,midterm.chingl.sites.carleton.edu
lefebvres.sites.carleton.edu,lefebvre,midterm.lefebvres.sites.carleton.edu
caiw.sites.carleton.edu,caiwsite,midterm.caiw.sites.carleton.edu
rivesb.sites.carleton.edu,rivesbsi,midterm.rivesb.sites.carleton.edu
oguhc.sites.carleton.edu,oguhcsit,ctl-website-exploration.oguhc.sites.carleton.edu
oguhc.sites.carleton.edu,oguhcsit,dghmw21midterm.oguhc.sites.carleton.edu
oguhc.sites.carleton.edu,oguhcsit,discussify.oguhc.sites.carleton.edu
rubind.sites.carleton.edu,rubindsi,dhblog.rubind.sites.carleton.edu
rubind.sites.carleton.edu,rubindsi,midterm.rubind.sites.carleton.edu
scotte.sites.carleton.edu,scottesi,dgah110midterm.scotte.sites.carleton.edu
jiab.sites.carleton.edu,jiabsite,byronjiaphotography.jiab.sites.carleton.edu
jiab.sites.carleton.edu,jiabsite,midterm.jiab.sites.carleton.edu
escosteguyl.sites.carleton.edu,escosteg,hh2021.escosteguyl.sites.carleton.edu
escosteguyl.sites.carleton.edu,escosteg,midterm.escosteguyl.sites.carleton.edu
engermank.sites.carleton.edu,engerman,midterm.engermank.sites.carleton.edu
brindleg.sites.carleton.edu,brindleg,midterm.brindleg.sites.carleton.edu
goodmans2.sites.carleton.edu,goodmans,midterm.goodmans2.sites.carleton.edu
goenkam.sites.carleton.edu,goenkams,midterm.goenkam.sites.carleton.edu
datasquad.sites.carleton.edu,datasqua,carlpics.sites.carleton.edu
datasquad.sites.carleton.edu,datasqua,example.datasquad.sites.carleton.edu
german.sites.carleton.edu,germansi,environment.german.sites.carleton.edu
german.sites.carleton.edu,germansi,thirdgenost.german.sites.carleton.edu
ccst.sites.carleton.edu,ccstsite,compassrose.ccst.sites.carleton.edu
ccst.sites.carleton.edu,ccstsite,portfolios.ccst.sites.carleton.edu
posc.sites.carleton.edu,poscsite,Not Found
posc.sites.carleton.edu,poscsite,122sp20.posc.sites.carleton.edu
posc.sites.carleton.edu,poscsite,214.posc.sites.carleton.edu
posc.sites.carleton.edu,poscsite,217.posc.sites.carleton.edu
posc.sites.carleton.edu,poscsite,dgupta.posc.sites.carleton.edu
posc.sites.carleton.edu,poscsite,podcasts.posc.sites.carleton.edu
posc.sites.carleton.edu,poscsite,political-advertising.posc.sites.carleton.edu
posc.sites.carleton.edu,poscsite,posc284.posc.sites.carleton.edu
afst.sites.carleton.edu,afstsite,twillis.afst.sites.carleton.edu
constellation.sites.carleton.edu,constell,constelaciondeloscomunes.org
fren.sites.carleton.edu,frensite,frenchchanson.fren.sites.carleton.edu
fren.sites.carleton.edu,frensite,frenchhumor.fren.sites.carleton.edu
religion.sites.carleton.edu,religion,faribaultcommunity.religion.sites.carleton.edu
religion.sites.carleton.edu,religion,premodernjapan.religion.sites.carleton.edu
religion.sites.carleton.edu,religion,relg289s14.religion.sites.carleton.edu
religion.sites.carleton.edu,religion,seeingisbelieving.religion.sites.carleton.edu
studentworks.sites.carleton.edu,studentw,alzheimerprevention.studentworks.sites.carleton.edu
studentworks.sites.carleton.edu,studentw,economicweather.studentworks.sites.carleton.edu
studentworks.sites.carleton.edu,studentw,elenamoralesgrahl.studentworks.sites.carleton.edu
studentworks.sites.carleton.edu,studentw,eugreenpolicy.studentworks.sites.carleton.edu
studentworks.sites.carleton.edu,studentw,geographyoffaith.studentworks.sites.carleton.edu
studentworks.sites.carleton.edu,studentw,learner.studentworks.sites.carleton.edu
studentworks.sites.carleton.edu,studentw,mexicocity.studentworks.sites.carleton.edu
studentworks.sites.carleton.edu,studentw,preservingchina.studentworks.sites.carleton.edu
studentworks.sites.carleton.edu,studentw,ryansfellowship.sites.carleton.edu
biol.sites.carleton.edu,biolsite,bioinformatics.biol.sites.carleton.edu
biol.sites.carleton.edu,biolsite,virology.biol.sites.carleton.edu
musc.sites.carleton.edu,muscsite,musiciancartoons.musc.sites.carleton.edu
musc.sites.carleton.edu,muscsite,pianolessons.musc.sites.carleton.edu
chem.sites.carleton.edu,chemsite,224.chem.sites.carleton.edu
chem.sites.carleton.edu,chemsite,mu3c.chem.sites.carleton.edu
dfoxgrov.sites.carleton.edu,dfoxgrov,pvd.dfoxgrov.sites.carleton.edu
japn.sites.carleton.edu,japnsit1,2018japn204.japn.sites.carleton.edu
japn.sites.carleton.edu,japnsit1,habukaportfolio.japn.sites.carleton.edu
japn.sites.carleton.edu,japnsit1,japn205mhabuka.japn.sites.carleton.edu
japn.sites.carleton.edu,japnsit1,japn206s19.japn.sites.carleton.edu
japn.sites.carleton.edu,japnsit1,japntemplate.japn.sites.carleton.edu
japn.sites.carleton.edu,japnsit1,mapping.japn.sites.carleton.edu
japn.sites.carleton.edu,japnsit1,portfolios.japn.sites.carleton.edu
span.sites.carleton.edu,spansite,ltam100memorypolitics.span.sites.carleton.edu
span.sites.carleton.edu,spansite,radionews.span.sites.carleton.edu
dance.sites.carleton.edu,dancesit,portfolios.dance.sites.carleton.edu
dance.sites.carleton.edu,dancesit,thefeltroom.dance.sites.carleton.edu
edst.sites.carleton.edu,edstsite,edpsych.edst.sites.carleton.edu
edst.sites.carleton.edu,edstsite,edpsych22.edst.sites.carleton.edu
edst.sites.carleton.edu,edstsite,edpsych23.edst.sites.carleton.edu
edst.sites.carleton.edu,edstsite,edpsych24.edst.sites.carleton.edu
edst.sites.carleton.edu,edstsite,edpsych26.edst.sites.carleton.edu
edst.sites.carleton.edu,edstsite,seniorseminar2014.edst.sites.carleton.edu
edst.sites.carleton.edu,edstsite,teacherportfoliotemplate.edst.sites.carleton.edu
phys.sites.carleton.edu,physsite,portfolios.phys.sites.carleton.edu
cmoore.sites.carleton.edu,cmooresi,cult-tv-w2021.cmoore.sites.carleton.edu
cmoore.sites.carleton.edu,cmooresi,culttv.2023.cmoore.sites.carleton.edu
cmoore.sites.carleton.edu,cmooresi,culttv.2025.cmoore.sites.carleton.edu
cmoore.sites.carleton.edu,cmooresi,feministandqueertheory.cmoore.sites.carleton.edu
cmoore.sites.carleton.edu,cmooresi,fqftwinter2025.cmoore.sites.carleton.edu
cmoore.sites.carleton.edu,cmooresi,fqm2020.cmoore.sites.carleton.edu
cmoore.sites.carleton.edu,cmooresi,fqm2022.cmoore.sites.carleton.edu
cmoore.sites.carleton.edu,cmooresi,gwss398fall2020.cmoore.sites.carleton.edu
cmoore.sites.carleton.edu,cmooresi,lgbtqstudiesfall18.cmoore.sites.carleton.edu
cmoore.sites.carleton.edu,cmooresi,lgbtqstudiesfall19.cmoore.sites.carleton.edu
cmoore.sites.carleton.edu,cmooresi,lgbtqstudiesfall22.cmoore.sites.carleton.edu
cmoore.sites.carleton.edu,cmooresi,lgbtqstudiesspring24.cmoore.sites.carleton.edu
cmoore.sites.carleton.edu,cmooresi,lgbtqstudieswinter25.cmoore.sites.carleton.edu
cmoore.sites.carleton.edu,cmooresi,lgbtqstudieswinter26.cmoore.sites.carleton.edu
cmoore.sites.carleton.edu,cmooresi,rgsinpop.2025.cmoore.sites.carleton.edu
cmoore.sites.carleton.edu,cmooresi,rgsinpop.cmoore.sites.carleton.edu
cmoore.sites.carleton.edu,cmooresi,rgsinpop2023.cmoore.sites.carleton.edu
cmoore.sites.carleton.edu,cmooresi,rgsinpopculture.cmoore.sites.carleton.edu
cmoore.sites.carleton.edu,cmooresi,tvstudiess21.cmoore.sites.carleton.edu
21stcenturyartivism.sites.carleton.edu,stcentur,blogs.carleton.edu
interns.sites.carleton.edu,internss,ds.interns.sites.carleton.edu
interns.sites.carleton.edu,internss,dsarchive.interns.sites.carleton.edu
interns.sites.carleton.edu,internss,libe.interns.sites.carleton.edu
interns.sites.carleton.edu,internss,libearchive.interns.sites.carleton.edu
interns.sites.carleton.edu,internss,libereferencearchive.interns.sites.carleton.edu
interns.sites.carleton.edu,internss,reference.interns.sites.carleton.edu
interns.sites.carleton.edu,internss,sjireflections.interns.sites.carleton.edu
thepanelstory.sites.carleton.edu,thepanel,testingground.thepanelstory.sites.carleton.edu
psyc.sites.carleton.edu,psycsite,behavioralsciencestats.psyc.sites.carleton.edu
psyc.sites.carleton.edu,psycsite,ci.psyc.sites.carleton.edu
psyc.sites.carleton.edu,psycsite,cognitionresearchmodule.psyc.sites.carleton.edu
psyc.sites.carleton.edu,psycsite,health.psyc.sites.carleton.edu
psyc.sites.carleton.edu,psycsite,psyc248.psyc.sites.carleton.edu
psyc.sites.carleton.edu,psycsite,psycliterature.psyc.sites.carleton.edu
mwhited.sites.carleton.edu,mwhiteds,nsf2018.mwhited.sites.carleton.edu
mwhited.sites.carleton.edu,mwhiteds,research.mwhited.sites.carleton.edu
ocs.sites.carleton.edu,ocssites,berlin2015.ocs.sites.carleton.edu
ocs.sites.carleton.edu,ocssites,berlin2017.ocs.sites.carleton.edu
ocs.sites.carleton.edu,ocssites,cambridge2014.ocs.sites.carleton.edu
ocs.sites.carleton.edu,ocssites,historyofcomputing2019.ocs.sites.carleton.edu
ocs.sites.carleton.edu,ocssites,historyofcomputing2022.ocs.sites.carleton.edu
ocs.sites.carleton.edu,ocssites,ireland2017.ocs.sites.carleton.edu
ocs.sites.carleton.edu,ocssites,kyoto2018.ocs.sites.carleton.edu
ocs.sites.carleton.edu,ocssites,kyoto2019.ocs.sites.carleton.edu
ocs.sites.carleton.edu,ocssites,london2015.ocs.sites.carleton.edu
ocs.sites.carleton.edu,ocssites,london2016.ocs.sites.carleton.edu
ocs.sites.carleton.edu,ocssites,london2017.ocs.sites.carleton.edu
ocs.sites.carleton.edu,ocssites,london2018.ocs.sites.carleton.edu
ocs.sites.carleton.edu,ocssites,moscow2014.ocs.sites.carleton.edu
ocs.sites.carleton.edu,ocssites,moscow2018.ocs.sites.carleton.edu
ocs.sites.carleton.edu,ocssites,moscow2019.ocs.sites.carleton.edu
ocs.sites.carleton.edu,ocssites,oaxaca2025.ocs.sites.carleton.edu
ocs.sites.carleton.edu,ocssites,paris2019.ocs.sites.carleton.edu
ocs.sites.carleton.edu,ocssites,prague16.ocs.sites.carleton.edu
ocs.sites.carleton.edu,ocssites,prague18.ocs.sites.carleton.edu
Not Found,peoplesi,aestill.people.sites.carleton.edu
Not Found,peoplesi,alejandro.people.sites.carleton.edu
Not Found,peoplesi,alejandro.sites.carleton.edu
Not Found,peoplesi,arjendu.people.sites.carleton.edu
Not Found,peoplesi,asango.people.sites.carleton.edu
Not Found,peoplesi,benellis.people.sites.carleton.edu
Not Found,peoplesi,benellis.sites.carleton.edu
Not Found,peoplesi,cissea.people.sites.carleton.edu
Not Found,peoplesi,desanye.people.sites.carleton.edu
Not Found,peoplesi,dgupta.people.sites.carleton.edu
Not Found,peoplesi,dtompkins.people.sites.carleton.edu
Not Found,peoplesi,dynamique.people.sites.carleton.edu
Not Found,peoplesi,erinwatson.people.sites.carleton.edu
Not Found,peoplesi,evvieprince.people.sites.carleton.edu
Not Found,peoplesi,jaytasson.people.sites.carleton.edu
Not Found,peoplesi,kgalotti.people.sites.carleton.edu
Not Found,peoplesi,lchihara.people.sites.carleton.edu
Not Found,peoplesi,leen.people.sites.carleton.edu
Not Found,peoplesi,lizziecoybjork.people.sites.carleton.edu
Not Found,peoplesi,matveigukas.people.sites.carleton.edu
bjarman.sites.carleton.edu,bjarmans,architecturalstudies.bjarman.sites.carleton.edu
bjarman.sites.carleton.edu,bjarmans,architecturalstudies18.bjarman.sites.carleton.edu
bjarman.sites.carleton.edu,bjarmans,architecturalstudies19.bjarman.sites.carleton.edu
bjarman.sites.carleton.edu,bjarmans,architecturalstudies20.bjarman.sites.carleton.edu
bjarman.sites.carleton.edu,bjarmans,architecturalstudies22.bjarman.sites.carleton.edu
bjarman.sites.carleton.edu,bjarmans,architecturalstudies24.bjarman.sites.carleton.edu
bjarman.sites.carleton.edu,bjarmans,architecture.bjarman.sites.carleton.edu
bjarman.sites.carleton.edu,bjarmans,arth101.bjarman.sites.carleton.edu
nativereligions.sites.carleton.edu,nativere,nativereligion.org
classics.sites.carleton.edu,classics,dh.classics.sites.carleton.edu
classics.sites.carleton.edu,classics,genderandsexuality.classics.sites.carleton.edu
classics.sites.carleton.edu,classics,studentwork.classics.sites.carleton.edu
classics.sites.carleton.edu,classics,tracingmedea.classics.sites.carleton.edu
gis.sites.carleton.edu,gissites,ents120.gis.sites.carleton.edu
gis.sites.carleton.edu,gissites,gisday.gis.sites.carleton.edu
engl.sites.carleton.edu,englsit1,archive.engl.sites.carleton.edu
engl.sites.carleton.edu,englsit1,comps.engl.sites.carleton.edu
engl.sites.carleton.edu,englsit1,eatthestory.engl.sites.carleton.edu
engl.sites.carleton.edu,englsit1,fandom.engl.sites.carleton.edu
hist.sites.carleton.edu,histsite,116.hist.sites.carleton.edu
hist.sites.carleton.edu,histsite,139.hist.sites.carleton.edu
hist.sites.carleton.edu,histsite,africansarabworld.hist.sites.carleton.edu
hist.sites.carleton.edu,histsite,blackdeath.hist.sites.carleton.edu
hist.sites.carleton.edu,histsite,blackwomenshistory.hist.sites.carleton.edu
hist.sites.carleton.edu,histsite,borders20.hist.sites.carleton.edu
hist.sites.carleton.edu,histsite,carletonhistorian.hist.sites.carleton.edu
hist.sites.carleton.edu,histsite,crusades20.hist.sites.carleton.edu
hist.sites.carleton.edu,histsite,dh.hist.sites.carleton.edu
hist.sites.carleton.edu,histsite,dtompkins.hist.sites.carleton.edu
hist.sites.carleton.edu,histsite,early-medieval-worlds.hist.sites.carleton.edu
hist.sites.carleton.edu,histsite,earlymoderneurope.hist.sites.carleton.edu
hist.sites.carleton.edu,histsite,hist181.hist.sites.carleton.edu
hist.sites.carleton.edu,histsite,hist231.hist.sites.carleton.edu
hist.sites.carleton.edu,histsite,hist235.hist.sites.carleton.edu
hist.sites.carleton.edu,histsite,historiansforhire.hist.sites.carleton.edu
hist.sites.carleton.edu,histsite,indigenousrightslatinamerica.hist.sites.carleton.edu
hist.sites.carleton.edu,histsite,learningfromplace.hist.sites.carleton.edu
hist.sites.carleton.edu,histsite,memefest.hist.sites.carleton.edu
library.sites.carleton.edu,librarys,bridgeoutreach.library.sites.carleton.edu
library.sites.carleton.edu,librarys,dataset.library.sites.carleton.edu
library.sites.carleton.edu,librarys,engl112.library.sites.carleton.edu
library.sites.carleton.edu,librarys,engl285.library.sites.carleton.edu
library.sites.carleton.edu,librarys,hist100.library.sites.carleton.edu
library.sites.carleton.edu,librarys,hist203.library.sites.carleton.edu
library.sites.carleton.edu,librarys,libeoutreach.library.sites.carleton.edu
library.sites.carleton.edu,librarys,mela230.library.sites.carleton.edu
library.sites.carleton.edu,librarys,mystery.library.sites.carleton.edu
library.sites.carleton.edu,librarys,rare-books.library.sites.carleton.edu
library.sites.carleton.edu,librarys,span376.library.sites.carleton.edu
library.sites.carleton.edu,librarys,tfluhr.library.sites.carleton.edu
wolff.sites.carleton.edu,wolffsit,researchlab.wolff.sites.carleton.edu
Not Found,studioar,brettolson.studioart.sites.carleton.edu
Not Found,studioar,castroc.studioart.sites.carleton.edu
Not Found,studioar,classworks.studioart.sites.carleton.edu
Not Found,studioar,conoreckert.studioart.sites.carleton.edu
Not Found,studioar,demo.studioart.sites.carleton.edu
Not Found,studioar,elainetian.studioart.sites.carleton.edu
Not Found,studioar,ellieweston.studioart.sites.carleton.edu
Not Found,studioar,emilyoross.studioart.sites.carleton.edu
Not Found,studioar,ethanclinecole.studioart.sites.carleton.edu
Not Found,studioar,galleries.studioart.sites.carleton.edu
Not Found,studioar,gracehanson.studioart.sites.carleton.edu
Not Found,studioar,hannahbarnstone.studioart.sites.carleton.edu
Not Found,studioar,hsarlwin.studioart.sites.carleton.edu
Not Found,studioar,hsarsarlwin.studioart.sites.carleton.edu
Not Found,studioar,junechen.studioart.sites.carleton.edu
Not Found,studioar,justineszafran.studioart.sites.carleton.edu
Not Found,studioar,katiewilliams.studioart.sites.carleton.edu
Not Found,studioar,kconnole.studioart.sites.carleton.edu
Not Found,studioar,kyosukeimai.studioart.sites.carleton.edu
Not Found,studioar,lauramccarron.studioart.sites.carleton.edu
dha.sites.carleton.edu,dhasites,blog.dha.sites.carleton.edu
dha.sites.carleton.edu,dhasites,carletonhistoryharvest.dha.sites.carleton.edu
dha.sites.carleton.edu,dhasites,image-temp.dha.sites.carleton.edu
dha.sites.carleton.edu,dhasites,omeka-s.dha.sites.carleton.edu
dha.sites.carleton.edu,dhasites,scalar-test.dha.sites.carleton.edu
dha.sites.carleton.edu,dhasites,twine.dha.sites.carleton.edu
covid19archive.sites.carleton.edu,covidarc,blog.covid19archive.sites.carleton.edu

dgah.sites.carleton.edu,dgahsite,abdulf.dgah.sites.carleton.edu
dgah.sites.carleton.edu,dgahsite,alejandrogonzalez.dgah.sites.carleton.edu
dgah.sites.carleton.edu,dgahsite,ankitsanghi.dgah.sites.carleton.edu
dgah.sites.carleton.edu,dgahsite,breannalefeversscott.dgah.sites.carleton.edu
dgah.sites.carleton.edu,dgahsite,bridgerrives.dgah.sites.carleton.edu
dgah.sites.carleton.edu,dgahsite,brookemckelvey.dgah.sites.carleton.edu
dgah.sites.carleton.edu,dgahsite,charlotterew.dgah.sites.carleton.edu
dgah.sites.carleton.edu,dgahsite,chloetruebenbach.dgah.sites.carleton.edu
dgah.sites.carleton.edu,dgahsite,clarkglymph.dgah.sites.carleton.edu
dgah.sites.carleton.edu,dgahsite,connorjansen.dgah.sites.carleton.edu
dgah.sites.carleton.edu,dgahsite,cuongtran.dgah.sites.carleton.edu
dgah.sites.carleton.edu,dgahsite,cutteralice.dgah.sites.carleton.edu
dgah.sites.carleton.edu,dgahsite,cynthialu.dgah.sites.carleton.edu
dgah.sites.carleton.edu,dgahsite,danielestrada.dgah.sites.carleton.edu
dgah.sites.carleton.edu,dgahsite,darrylyorkiii.dgah.sites.carleton.edu
dgah.sites.carleton.edu,dgahsite,elisemcilhaney.dgah.sites.carleton.edu
dgah.sites.carleton.edu,dgahsite,emmybelloni.dgah.sites.carleton.edu
dgah.sites.carleton.edu,dgahsite,giselenelson.dgah.sites.carleton.edu
dgah.sites.carleton.edu,dgahsite,gracebrindle.dgah.sites.carleton.edu
collections.sites.carleton.edu,csharpe,caplow.collections.sites.carleton.edu
collections.sites.carleton.edu,csharpe,streekstra.collections.sites.carleton.edu
collections.sites.carleton.edu,csharpe,student.collections.sites.carleton.edu
amst.sites.carleton.edu,amstsite,cityofporches.amst.sites.carleton.edu
at.sites.carleton.edu,atsitesc,conferences.at.sites.carleton.edu
at.sites.carleton.edu,atsitesc,cube16.at.sites.carleton.edu
at.sites.carleton.edu,atsitesc,cube17.at.sites.carleton.edu
at.sites.carleton.edu,atsitesc,cube18.at.sites.carleton.edu
at.sites.carleton.edu,atsitesc,datasquad.at.sites.carleton.edu
at.sites.carleton.edu,atsitesc,dhurlbert.at.sites.carleton.edu
at.sites.carleton.edu,atsitesc,languagelesson.at.sites.carleton.edu
at.sites.carleton.edu,atsitesc,learningcommunity.at.sites.carleton.edu
at.sites.carleton.edu,atsitesc,networktemplate.at.sites.carleton.edu
at.sites.carleton.edu,atsitesc,omktemplate.at.sites.carleton.edu
at.sites.carleton.edu,atsitesc,testsite.at.sites.carleton.edu
at.sites.carleton.edu,atsitesc,wptemplate.at.sites.carleton.edu
amason.sites.carleton.edu,amasonsi,bostonmassacre3d.amason.sites.carleton.edu
amason.sites.carleton.edu,amasonsi,hh2015.amason.sites.carleton.edu
amason.sites.carleton.edu,amasonsi,hh2021.amason.sites.carleton.edu
amason.sites.carleton.edu,amasonsi,hh2022.amason.sites.carleton.edu
amason.sites.carleton.edu,amasonsi,hh2022f.amason.sites.carleton.edu
amason.sites.carleton.edu,amasonsi,hh2023w.amason.sites.carleton.edu
amason.sites.carleton.edu,amasonsi,hh2024w.amason.sites.carleton.edu
amason.sites.carleton.edu,amasonsi,hh2025f.amason.sites.carleton.edu
amason.sites.carleton.edu,amasonsi,hh2025w.amason.sites.carleton.edu
amason.sites.carleton.edu,amasonsi,hh2026w.amason.sites.carleton.edu
amason.sites.carleton.edu,amasonsi,hist246.amason.sites.carleton.edu
amason.sites.carleton.edu,amasonsi,learnphp.amason.sites.carleton.edu
amason.sites.carleton.edu,amasonsi,midterm.amason.sites.carleton.edu
zoya.sites.carleton.edu,zoyasite,test-omeka.zoya.sites.carleton.edu
zoya.sites.carleton.edu,zoyasite,test-scalar.zoya.sites.carleton.edu
zoya.sites.carleton.edu,zoyasite,twine.zoya.sites.carleton.edu
design.sites.carleton.edu,designsi,wp.design.sites.carleton.edu
sites.carleton.edu,sites,showcase.sites.carleton.edu
